section,package,classification,purpose,notes
packages-repos,rpmfusion-free-release-rawhide,rpm-repo,External RPM repo enablement (no packages installed by name),From usr/share/mios/PACKAGES.md packages-repos block
packages-repos,rpmfusion-nonfree-release-rawhide,rpm-repo,External RPM repo enablement (no packages installed by name),From usr/share/mios/PACKAGES.md packages-repos block
packages-repos,fedora-workstation-repositories,rpm-repo,External RPM repo enablement (no packages installed by name),From usr/share/mios/PACKAGES.md packages-repos block
packages-repos,dnf-plugins-core,rpm-repo,External RPM repo enablement (no packages installed by name),From usr/share/mios/PACKAGES.md packages-repos block
packages-repos,dnf5-plugins,rpm-repo,External RPM repo enablement (no packages installed by name),From usr/share/mios/PACKAGES.md packages-repos block
packages-base,policycoreutils-python-utils,rpm-base,"Base OS / first-pass install (security stack, tooling)",From usr/share/mios/PACKAGES.md packages-base block
packages-base,selinux-policy-targeted,rpm-base,"Base OS / first-pass install (security stack, tooling)",From usr/share/mios/PACKAGES.md packages-base block
packages-base,firewalld,rpm-base,"Base OS / first-pass install (security stack, tooling)",From usr/share/mios/PACKAGES.md packages-base block
packages-base,audit,rpm-base,"Base OS / first-pass install (security stack, tooling)",From usr/share/mios/PACKAGES.md packages-base block
packages-base,fapolicyd,rpm-base,"Base OS / first-pass install (security stack, tooling)",From usr/share/mios/PACKAGES.md packages-base block
packages-base,crowdsec,rpm-base,"Base OS / first-pass install (security stack, tooling)",From usr/share/mios/PACKAGES.md packages-base block
packages-base,usbguard,rpm-base,"Base OS / first-pass install (security stack, tooling)",From usr/share/mios/PACKAGES.md packages-base block
packages-moby,moby-engine,rpm-container,moby-engine + buildx parity stack,From usr/share/mios/PACKAGES.md packages-moby block
packages-uki,systemd-ukify,rpm-boot,Unified Kernel Image build dependencies,From usr/share/mios/PACKAGES.md packages-uki block
packages-sbom-tools,syft,rpm-supply-chain,Software Bill of Materials generation,From usr/share/mios/PACKAGES.md packages-sbom-tools block
packages-k3s-selinux-build,selinux-policy-devel,rpm-build-dep,k3s-selinux policy build chain,From usr/share/mios/PACKAGES.md packages-k3s-selinux-build block
packages-k3s-selinux-build,git,rpm-build-dep,k3s-selinux policy build chain,From usr/share/mios/PACKAGES.md packages-k3s-selinux-build block
packages-k3s-selinux-build,make,rpm-build-dep,k3s-selinux policy build chain,From usr/share/mios/PACKAGES.md packages-k3s-selinux-build block
packages-kernel,kernel-modules-extra,rpm-kernel-aux,Kernel modules-extra/devel/headers/tools (NOT kernel/kernel-core),From usr/share/mios/PACKAGES.md packages-kernel block
packages-kernel,kernel-devel,rpm-kernel-aux,Kernel modules-extra/devel/headers/tools (NOT kernel/kernel-core),From usr/share/mios/PACKAGES.md packages-kernel block
packages-kernel,kernel-headers,rpm-kernel-aux,Kernel modules-extra/devel/headers/tools (NOT kernel/kernel-core),From usr/share/mios/PACKAGES.md packages-kernel block
packages-kernel,kernel-tools,rpm-kernel-aux,Kernel modules-extra/devel/headers/tools (NOT kernel/kernel-core),From usr/share/mios/PACKAGES.md packages-kernel block
packages-kernel,glibc-headers,rpm-kernel-aux,Kernel modules-extra/devel/headers/tools (NOT kernel/kernel-core),From usr/share/mios/PACKAGES.md packages-kernel block
packages-kernel,glibc-devel,rpm-kernel-aux,Kernel modules-extra/devel/headers/tools (NOT kernel/kernel-core),From usr/share/mios/PACKAGES.md packages-kernel block
packages-kernel,python3,rpm-kernel-aux,Kernel modules-extra/devel/headers/tools (NOT kernel/kernel-core),From usr/share/mios/PACKAGES.md packages-kernel block
packages-gnome,gnome-shell,rpm-desktop,GNOME 50 desktop session,From usr/share/mios/PACKAGES.md packages-gnome block
packages-gnome,gnome-session-wayland-session,rpm-desktop,GNOME 50 desktop session,From usr/share/mios/PACKAGES.md packages-gnome block
packages-gnome,gnome-control-center,rpm-desktop,GNOME 50 desktop session,From usr/share/mios/PACKAGES.md packages-gnome block
packages-gnome,gnome-keyring,rpm-desktop,GNOME 50 desktop session,From usr/share/mios/PACKAGES.md packages-gnome block
packages-gnome,gdm,rpm-desktop,GNOME 50 desktop session,From usr/share/mios/PACKAGES.md packages-gnome block
packages-gnome,ptyxis,rpm-desktop,GNOME 50 desktop session,From usr/share/mios/PACKAGES.md packages-gnome block
packages-gnome,nautilus,rpm-desktop,GNOME 50 desktop session,From usr/share/mios/PACKAGES.md packages-gnome block
packages-gnome,gnome-software,rpm-desktop,GNOME 50 desktop session,From usr/share/mios/PACKAGES.md packages-gnome block
packages-gnome,gnome-remote-desktop,rpm-desktop,GNOME 50 desktop session,From usr/share/mios/PACKAGES.md packages-gnome block
packages-gnome,gnome-backgrounds,rpm-desktop,GNOME 50 desktop session,From usr/share/mios/PACKAGES.md packages-gnome block
packages-gnome,gnome-shell-extension-appindicator,rpm-desktop,GNOME 50 desktop session,From usr/share/mios/PACKAGES.md packages-gnome block
packages-gnome,gnome-shell-extension-dash-to-dock,rpm-desktop,GNOME 50 desktop session,From usr/share/mios/PACKAGES.md packages-gnome block
packages-gnome,xdg-user-dirs,rpm-desktop,GNOME 50 desktop session,From usr/share/mios/PACKAGES.md packages-gnome block
packages-gnome,xdg-utils,rpm-desktop,GNOME 50 desktop session,From usr/share/mios/PACKAGES.md packages-gnome block
packages-gnome,xdg-desktop-portal,rpm-desktop,GNOME 50 desktop session,From usr/share/mios/PACKAGES.md packages-gnome block
packages-gnome,xdg-desktop-portal-gnome,rpm-desktop,GNOME 50 desktop session,From usr/share/mios/PACKAGES.md packages-gnome block
packages-gnome,xdg-desktop-portal-gtk,rpm-desktop,GNOME 50 desktop session,From usr/share/mios/PACKAGES.md packages-gnome block
packages-gnome,pipewire-alsa,rpm-desktop,GNOME 50 desktop session,From usr/share/mios/PACKAGES.md packages-gnome block
packages-gnome,pipewire-pulseaudio,rpm-desktop,GNOME 50 desktop session,From usr/share/mios/PACKAGES.md packages-gnome block
packages-gnome,wireplumber,rpm-desktop,GNOME 50 desktop session,From usr/share/mios/PACKAGES.md packages-gnome block
packages-gnome,gstreamer1,rpm-desktop,GNOME 50 desktop session,From usr/share/mios/PACKAGES.md packages-gnome block
packages-gnome,gstreamer1-plugins-base,rpm-desktop,GNOME 50 desktop session,From usr/share/mios/PACKAGES.md packages-gnome block
packages-gnome,gstreamer1-plugins-good,rpm-desktop,GNOME 50 desktop session,From usr/share/mios/PACKAGES.md packages-gnome block
packages-gnome,upower,rpm-desktop,GNOME 50 desktop session,From usr/share/mios/PACKAGES.md packages-gnome block
packages-gnome,gnome-bluetooth,rpm-desktop,GNOME 50 desktop session,From usr/share/mios/PACKAGES.md packages-gnome block
packages-gnome,bluez,rpm-desktop,GNOME 50 desktop session,From usr/share/mios/PACKAGES.md packages-gnome block
packages-gnome,bluez-tools,rpm-desktop,GNOME 50 desktop session,From usr/share/mios/PACKAGES.md packages-gnome block
packages-gnome,flatpak,rpm-desktop,GNOME 50 desktop session,From usr/share/mios/PACKAGES.md packages-gnome block
packages-gnome,gvfs,rpm-desktop,GNOME 50 desktop session,From usr/share/mios/PACKAGES.md packages-gnome block
packages-gnome,gvfs-smb,rpm-desktop,GNOME 50 desktop session,From usr/share/mios/PACKAGES.md packages-gnome block
packages-gnome,gvfs-mtp,rpm-desktop,GNOME 50 desktop session,From usr/share/mios/PACKAGES.md packages-gnome block
packages-gnome,NetworkManager-wifi,rpm-desktop,GNOME 50 desktop session,From usr/share/mios/PACKAGES.md packages-gnome block
packages-gnome,NetworkManager-openvpn-gnome,rpm-desktop,GNOME 50 desktop session,From usr/share/mios/PACKAGES.md packages-gnome block
packages-gnome,nm-connection-editor,rpm-desktop,GNOME 50 desktop session,From usr/share/mios/PACKAGES.md packages-gnome block
packages-gnome,glibc-langpack-en,rpm-desktop,GNOME 50 desktop session,From usr/share/mios/PACKAGES.md packages-gnome block
packages-gnome,qt6-qtbase-gui,rpm-desktop,GNOME 50 desktop session,From usr/share/mios/PACKAGES.md packages-gnome block
packages-gnome,qt6-qtwayland,rpm-desktop,GNOME 50 desktop session,From usr/share/mios/PACKAGES.md packages-gnome block
packages-gnome,qadwaitadecorations-qt5,rpm-desktop,GNOME 50 desktop session,From usr/share/mios/PACKAGES.md packages-gnome block
packages-gnome,adw-gtk3-theme,rpm-desktop,GNOME 50 desktop session,From usr/share/mios/PACKAGES.md packages-gnome block
packages-gpu-mesa,mesa-vulkan-drivers,rpm-gpu,Mesa userspace + Vulkan loaders,From usr/share/mios/PACKAGES.md packages-gpu-mesa block
packages-gpu-mesa,mesa-dri-drivers,rpm-gpu,Mesa userspace + Vulkan loaders,From usr/share/mios/PACKAGES.md packages-gpu-mesa block
packages-gpu-mesa,mesa-va-drivers,rpm-gpu,Mesa userspace + Vulkan loaders,From usr/share/mios/PACKAGES.md packages-gpu-mesa block
packages-gpu-mesa,vulkan-loader,rpm-gpu,Mesa userspace + Vulkan loaders,From usr/share/mios/PACKAGES.md packages-gpu-mesa block
packages-gpu-mesa,vulkan-tools,rpm-gpu,Mesa userspace + Vulkan loaders,From usr/share/mios/PACKAGES.md packages-gpu-mesa block
packages-gpu-mesa,libva-utils,rpm-gpu,Mesa userspace + Vulkan loaders,From usr/share/mios/PACKAGES.md packages-gpu-mesa block
packages-gpu-mesa,linux-firmware,rpm-gpu,Mesa userspace + Vulkan loaders,From usr/share/mios/PACKAGES.md packages-gpu-mesa block
packages-gpu-amd-compute,rocm-opencl,rpm-gpu-compute,AMD ROCm compute stack,From usr/share/mios/PACKAGES.md packages-gpu-amd-compute block
packages-gpu-amd-compute,rocm-hip,rpm-gpu-compute,AMD ROCm compute stack,From usr/share/mios/PACKAGES.md packages-gpu-amd-compute block
packages-gpu-amd-compute,rocm-runtime,rpm-gpu-compute,AMD ROCm compute stack,From usr/share/mios/PACKAGES.md packages-gpu-amd-compute block
packages-gpu-amd-compute,rocm-smi,rpm-gpu-compute,AMD ROCm compute stack,From usr/share/mios/PACKAGES.md packages-gpu-amd-compute block
packages-gpu-amd-compute,rocminfo,rpm-gpu-compute,AMD ROCm compute stack,From usr/share/mios/PACKAGES.md packages-gpu-amd-compute block
packages-gpu-intel-compute,intel-compute-runtime,rpm-gpu-compute,Intel oneAPI / NEO compute stack,From usr/share/mios/PACKAGES.md packages-gpu-intel-compute block
packages-gpu-intel-compute,intel-media-driver,rpm-gpu-compute,Intel oneAPI / NEO compute stack,From usr/share/mios/PACKAGES.md packages-gpu-intel-compute block
packages-gpu-nvidia,akmod-nvidia,rpm-gpu,"NVIDIA proprietary stack (akmod, CDI toolkit)",From usr/share/mios/PACKAGES.md packages-gpu-nvidia block
packages-gpu-nvidia,xorg-x11-drv-nvidia-cuda,rpm-gpu,"NVIDIA proprietary stack (akmod, CDI toolkit)",From usr/share/mios/PACKAGES.md packages-gpu-nvidia block
packages-gpu-nvidia,nvidia-container-toolkit,rpm-gpu,"NVIDIA proprietary stack (akmod, CDI toolkit)",From usr/share/mios/PACKAGES.md packages-gpu-nvidia block
packages-gpu-nvidia,nvidia-persistenced,rpm-gpu,"NVIDIA proprietary stack (akmod, CDI toolkit)",From usr/share/mios/PACKAGES.md packages-gpu-nvidia block
packages-gpu-nvidia,nvidia-settings,rpm-gpu,"NVIDIA proprietary stack (akmod, CDI toolkit)",From usr/share/mios/PACKAGES.md packages-gpu-nvidia block
packages-gpu-nvidia,xorg-x11-drv-nvidia-power,rpm-gpu,"NVIDIA proprietary stack (akmod, CDI toolkit)",From usr/share/mios/PACKAGES.md packages-gpu-nvidia block
packages-gpu-nvidia,nvidia-container-selinux,rpm-gpu,"NVIDIA proprietary stack (akmod, CDI toolkit)",From usr/share/mios/PACKAGES.md packages-gpu-nvidia block
packages-virt,qemu-kvm,rpm-virt,KVM/QEMU + libvirt + Looking Glass build deps + KVMFR,From usr/share/mios/PACKAGES.md packages-virt block
packages-virt,libvirt,rpm-virt,KVM/QEMU + libvirt + Looking Glass build deps + KVMFR,From usr/share/mios/PACKAGES.md packages-virt block
packages-virt,libvirt-daemon,rpm-virt,KVM/QEMU + libvirt + Looking Glass build deps + KVMFR,From usr/share/mios/PACKAGES.md packages-virt block
packages-virt,virt-install,rpm-virt,KVM/QEMU + libvirt + Looking Glass build deps + KVMFR,From usr/share/mios/PACKAGES.md packages-virt block
packages-virt,virt-manager,rpm-virt,KVM/QEMU + libvirt + Looking Glass build deps + KVMFR,From usr/share/mios/PACKAGES.md packages-virt block
packages-virt,edk2-ovmf,rpm-virt,KVM/QEMU + libvirt + Looking Glass build deps + KVMFR,From usr/share/mios/PACKAGES.md packages-virt block
packages-virt,swtpm,rpm-virt,KVM/QEMU + libvirt + Looking Glass build deps + KVMFR,From usr/share/mios/PACKAGES.md packages-virt block
packages-virt,swtpm-tools,rpm-virt,KVM/QEMU + libvirt + Looking Glass build deps + KVMFR,From usr/share/mios/PACKAGES.md packages-virt block
packages-virt,dnsmasq,rpm-virt,KVM/QEMU + libvirt + Looking Glass build deps + KVMFR,From usr/share/mios/PACKAGES.md packages-virt block
packages-virt,mdevctl,rpm-virt,KVM/QEMU + libvirt + Looking Glass build deps + KVMFR,From usr/share/mios/PACKAGES.md packages-virt block
packages-virt,libguestfs-tools,rpm-virt,KVM/QEMU + libvirt + Looking Glass build deps + KVMFR,From usr/share/mios/PACKAGES.md packages-virt block
packages-virt,virt-viewer,rpm-virt,KVM/QEMU + libvirt + Looking Glass build deps + KVMFR,From usr/share/mios/PACKAGES.md packages-virt block
packages-virt,virt-v2v,rpm-virt,KVM/QEMU + libvirt + Looking Glass build deps + KVMFR,From usr/share/mios/PACKAGES.md packages-virt block
packages-virt,qemu-device-display-virtio-gpu,rpm-virt,KVM/QEMU + libvirt + Looking Glass build deps + KVMFR,From usr/share/mios/PACKAGES.md packages-virt block
packages-virt,virt-firmware,rpm-virt,KVM/QEMU + libvirt + Looking Glass build deps + KVMFR,From usr/share/mios/PACKAGES.md packages-virt block
packages-virt,python3-cryptography,rpm-virt,KVM/QEMU + libvirt + Looking Glass build deps + KVMFR,From usr/share/mios/PACKAGES.md packages-virt block
packages-containers,podman,rpm-container,"Podman, runc, conmon, netavark, slirp4netns, fuse-overlayfs",From usr/share/mios/PACKAGES.md packages-containers block
packages-containers,podman-compose,rpm-container,"Podman, runc, conmon, netavark, slirp4netns, fuse-overlayfs",From usr/share/mios/PACKAGES.md packages-containers block
packages-containers,buildah,rpm-container,"Podman, runc, conmon, netavark, slirp4netns, fuse-overlayfs",From usr/share/mios/PACKAGES.md packages-containers block
packages-containers,skopeo,rpm-container,"Podman, runc, conmon, netavark, slirp4netns, fuse-overlayfs",From usr/share/mios/PACKAGES.md packages-containers block
packages-containers,bootc,rpm-container,"Podman, runc, conmon, netavark, slirp4netns, fuse-overlayfs",From usr/share/mios/PACKAGES.md packages-containers block
packages-containers,osbuild,rpm-container,"Podman, runc, conmon, netavark, slirp4netns, fuse-overlayfs",From usr/share/mios/PACKAGES.md packages-containers block
packages-containers,osbuild-composer,rpm-container,"Podman, runc, conmon, netavark, slirp4netns, fuse-overlayfs",From usr/share/mios/PACKAGES.md packages-containers block
packages-containers,osbuild-selinux,rpm-container,"Podman, runc, conmon, netavark, slirp4netns, fuse-overlayfs",From usr/share/mios/PACKAGES.md packages-containers block
packages-containers,composer-cli,rpm-container,"Podman, runc, conmon, netavark, slirp4netns, fuse-overlayfs",From usr/share/mios/PACKAGES.md packages-containers block
packages-containers,rpm-ostree,rpm-container,"Podman, runc, conmon, netavark, slirp4netns, fuse-overlayfs",From usr/share/mios/PACKAGES.md packages-containers block
packages-containers,crun,rpm-container,"Podman, runc, conmon, netavark, slirp4netns, fuse-overlayfs",From usr/share/mios/PACKAGES.md packages-containers block
packages-containers,netavark,rpm-container,"Podman, runc, conmon, netavark, slirp4netns, fuse-overlayfs",From usr/share/mios/PACKAGES.md packages-containers block
packages-containers,aardvark-dns,rpm-container,"Podman, runc, conmon, netavark, slirp4netns, fuse-overlayfs",From usr/share/mios/PACKAGES.md packages-containers block
packages-containers,slirp4netns,rpm-container,"Podman, runc, conmon, netavark, slirp4netns, fuse-overlayfs",From usr/share/mios/PACKAGES.md packages-containers block
packages-containers,composefs,rpm-container,"Podman, runc, conmon, netavark, slirp4netns, fuse-overlayfs",From usr/share/mios/PACKAGES.md packages-containers block
packages-containers,container-selinux,rpm-container,"Podman, runc, conmon, netavark, slirp4netns, fuse-overlayfs",From usr/share/mios/PACKAGES.md packages-containers block
packages-containers,qemu-img,rpm-container,"Podman, runc, conmon, netavark, slirp4netns, fuse-overlayfs",From usr/share/mios/PACKAGES.md packages-containers block
packages-containers,image-builder,rpm-container,"Podman, runc, conmon, netavark, slirp4netns, fuse-overlayfs",From usr/share/mios/PACKAGES.md packages-containers block
packages-containers,bootc-image-builder,rpm-container,"Podman, runc, conmon, netavark, slirp4netns, fuse-overlayfs",From usr/share/mios/PACKAGES.md packages-containers block
packages-containers,dracut-live,rpm-container,"Podman, runc, conmon, netavark, slirp4netns, fuse-overlayfs",From usr/share/mios/PACKAGES.md packages-containers block
packages-containers,squashfs-tools,rpm-container,"Podman, runc, conmon, netavark, slirp4netns, fuse-overlayfs",From usr/share/mios/PACKAGES.md packages-containers block
packages-containers,selinux-policy-devel,rpm-container,"Podman, runc, conmon, netavark, slirp4netns, fuse-overlayfs",From usr/share/mios/PACKAGES.md packages-containers block
packages-containers,containers-common,rpm-container,"Podman, runc, conmon, netavark, slirp4netns, fuse-overlayfs",From usr/share/mios/PACKAGES.md packages-containers block
packages-containers,toolbox,rpm-container,"Podman, runc, conmon, netavark, slirp4netns, fuse-overlayfs",From usr/share/mios/PACKAGES.md packages-containers block
packages-containers,kubectl,rpm-container,"Podman, runc, conmon, netavark, slirp4netns, fuse-overlayfs",From usr/share/mios/PACKAGES.md packages-containers block
packages-containers,helm,rpm-container,"Podman, runc, conmon, netavark, slirp4netns, fuse-overlayfs",From usr/share/mios/PACKAGES.md packages-containers block
packages-containers,make,rpm-container,"Podman, runc, conmon, netavark, slirp4netns, fuse-overlayfs",From usr/share/mios/PACKAGES.md packages-containers block
packages-containers,gcc,rpm-container,"Podman, runc, conmon, netavark, slirp4netns, fuse-overlayfs",From usr/share/mios/PACKAGES.md packages-containers block
packages-containers,gcc-c++,rpm-container,"Podman, runc, conmon, netavark, slirp4netns, fuse-overlayfs",From usr/share/mios/PACKAGES.md packages-containers block
packages-containers,cmake,rpm-container,"Podman, runc, conmon, netavark, slirp4netns, fuse-overlayfs",From usr/share/mios/PACKAGES.md packages-containers block
packages-containers,golang,rpm-container,"Podman, runc, conmon, netavark, slirp4netns, fuse-overlayfs",From usr/share/mios/PACKAGES.md packages-containers block
packages-containers,podman-plugins,rpm-container,"Podman, runc, conmon, netavark, slirp4netns, fuse-overlayfs",From usr/share/mios/PACKAGES.md packages-containers block
packages-containers,cosign,rpm-container,"Podman, runc, conmon, netavark, slirp4netns, fuse-overlayfs",From usr/share/mios/PACKAGES.md packages-containers block
packages-self-build,bootc-base-imagectl,rpm-toolchain,Self-build toolchain (the image can rebuild itself),From usr/share/mios/PACKAGES.md packages-self-build block
packages-self-build,konflux-image-tools,rpm-toolchain,Self-build toolchain (the image can rebuild itself),From usr/share/mios/PACKAGES.md packages-self-build block
packages-boot,bootupd,rpm-boot,"Bootloader, plymouth, grubby, dracut",From usr/share/mios/PACKAGES.md packages-boot block
packages-boot,dnf5-plugins,rpm-boot,"Bootloader, plymouth, grubby, dracut",From usr/share/mios/PACKAGES.md packages-boot block
packages-boot,systemd-boot-unsigned,rpm-boot,"Bootloader, plymouth, grubby, dracut",From usr/share/mios/PACKAGES.md packages-boot block
packages-boot,efibootmgr,rpm-boot,"Bootloader, plymouth, grubby, dracut",From usr/share/mios/PACKAGES.md packages-boot block
packages-boot,systemd-ukify,rpm-boot,"Bootloader, plymouth, grubby, dracut",From usr/share/mios/PACKAGES.md packages-boot block
packages-boot,binutils,rpm-boot,"Bootloader, plymouth, grubby, dracut",From usr/share/mios/PACKAGES.md packages-boot block
packages-boot,efitools,rpm-boot,"Bootloader, plymouth, grubby, dracut",From usr/share/mios/PACKAGES.md packages-boot block
packages-boot,sbsigntools,rpm-boot,"Bootloader, plymouth, grubby, dracut",From usr/share/mios/PACKAGES.md packages-boot block
packages-boot,tpm2-tss,rpm-boot,"Bootloader, plymouth, grubby, dracut",From usr/share/mios/PACKAGES.md packages-boot block
packages-cockpit,cockpit,rpm-mgmt,Cockpit web management,From usr/share/mios/PACKAGES.md packages-cockpit block
packages-cockpit,cockpit-system,rpm-mgmt,Cockpit web management,From usr/share/mios/PACKAGES.md packages-cockpit block
packages-cockpit,cockpit-ws,rpm-mgmt,Cockpit web management,From usr/share/mios/PACKAGES.md packages-cockpit block
packages-cockpit,cockpit-bridge,rpm-mgmt,Cockpit web management,From usr/share/mios/PACKAGES.md packages-cockpit block
packages-cockpit,cockpit-storaged,rpm-mgmt,Cockpit web management,From usr/share/mios/PACKAGES.md packages-cockpit block
packages-cockpit,cockpit-networkmanager,rpm-mgmt,Cockpit web management,From usr/share/mios/PACKAGES.md packages-cockpit block
packages-cockpit,cockpit-podman,rpm-mgmt,Cockpit web management,From usr/share/mios/PACKAGES.md packages-cockpit block
packages-cockpit,cockpit-machines,rpm-mgmt,Cockpit web management,From usr/share/mios/PACKAGES.md packages-cockpit block
packages-cockpit,cockpit-ostree,rpm-mgmt,Cockpit web management,From usr/share/mios/PACKAGES.md packages-cockpit block
packages-cockpit,cockpit-selinux,rpm-mgmt,Cockpit web management,From usr/share/mios/PACKAGES.md packages-cockpit block
packages-cockpit,cockpit-files,rpm-mgmt,Cockpit web management,From usr/share/mios/PACKAGES.md packages-cockpit block
packages-cockpit,pcp,rpm-mgmt,Cockpit web management,From usr/share/mios/PACKAGES.md packages-cockpit block
packages-cockpit,pcp-system-tools,rpm-mgmt,Cockpit web management,From usr/share/mios/PACKAGES.md packages-cockpit block
packages-wintools,hyperv-tools,rpm-windows-vm,"Windows VM tooling (virt-viewer, spice-gtk, virt-manager)",From usr/share/mios/PACKAGES.md packages-wintools block
packages-wintools,samba,rpm-windows-vm,"Windows VM tooling (virt-viewer, spice-gtk, virt-manager)",From usr/share/mios/PACKAGES.md packages-wintools block
packages-wintools,samba-client,rpm-windows-vm,"Windows VM tooling (virt-viewer, spice-gtk, virt-manager)",From usr/share/mios/PACKAGES.md packages-wintools block
packages-wintools,cifs-utils,rpm-windows-vm,"Windows VM tooling (virt-viewer, spice-gtk, virt-manager)",From usr/share/mios/PACKAGES.md packages-wintools block
packages-wintools,freerdp,rpm-windows-vm,"Windows VM tooling (virt-viewer, spice-gtk, virt-manager)",From usr/share/mios/PACKAGES.md packages-wintools block
packages-wintools,freerdp-libs,rpm-windows-vm,"Windows VM tooling (virt-viewer, spice-gtk, virt-manager)",From usr/share/mios/PACKAGES.md packages-wintools block
packages-security,crowdsec,rpm-security,"SELinux, fapolicyd, USBGuard, audit, openscap, AIDE",From usr/share/mios/PACKAGES.md packages-security block
packages-security,crowdsec-firewall-bouncer-nftables,rpm-security,"SELinux, fapolicyd, USBGuard, audit, openscap, AIDE",From usr/share/mios/PACKAGES.md packages-security block
packages-security,firewalld,rpm-security,"SELinux, fapolicyd, USBGuard, audit, openscap, AIDE",From usr/share/mios/PACKAGES.md packages-security block
packages-security,fapolicyd,rpm-security,"SELinux, fapolicyd, USBGuard, audit, openscap, AIDE",From usr/share/mios/PACKAGES.md packages-security block
packages-security,fapolicyd-selinux,rpm-security,"SELinux, fapolicyd, USBGuard, audit, openscap, AIDE",From usr/share/mios/PACKAGES.md packages-security block
packages-security,usbguard,rpm-security,"SELinux, fapolicyd, USBGuard, audit, openscap, AIDE",From usr/share/mios/PACKAGES.md packages-security block
packages-security,setroubleshoot-server,rpm-security,"SELinux, fapolicyd, USBGuard, audit, openscap, AIDE",From usr/share/mios/PACKAGES.md packages-security block
packages-security,policycoreutils-python-utils,rpm-security,"SELinux, fapolicyd, USBGuard, audit, openscap, AIDE",From usr/share/mios/PACKAGES.md packages-security block
packages-security,audit,rpm-security,"SELinux, fapolicyd, USBGuard, audit, openscap, AIDE",From usr/share/mios/PACKAGES.md packages-security block
packages-security,tpm2-tools,rpm-security,"SELinux, fapolicyd, USBGuard, audit, openscap, AIDE",From usr/share/mios/PACKAGES.md packages-security block
packages-security,clevis,rpm-security,"SELinux, fapolicyd, USBGuard, audit, openscap, AIDE",From usr/share/mios/PACKAGES.md packages-security block
packages-security,clevis-luks,rpm-security,"SELinux, fapolicyd, USBGuard, audit, openscap, AIDE",From usr/share/mios/PACKAGES.md packages-security block
packages-security,aide,rpm-security,"SELinux, fapolicyd, USBGuard, audit, openscap, AIDE",From usr/share/mios/PACKAGES.md packages-security block
packages-security,openscap-scanner,rpm-security,"SELinux, fapolicyd, USBGuard, audit, openscap, AIDE",From usr/share/mios/PACKAGES.md packages-security block
packages-security,scap-security-guide,rpm-security,"SELinux, fapolicyd, USBGuard, audit, openscap, AIDE",From usr/share/mios/PACKAGES.md packages-security block
packages-security,libpwquality,rpm-security,"SELinux, fapolicyd, USBGuard, audit, openscap, AIDE",From usr/share/mios/PACKAGES.md packages-security block
packages-security,nftables,rpm-security,"SELinux, fapolicyd, USBGuard, audit, openscap, AIDE",From usr/share/mios/PACKAGES.md packages-security block
packages-security,policycoreutils,rpm-security,"SELinux, fapolicyd, USBGuard, audit, openscap, AIDE",From usr/share/mios/PACKAGES.md packages-security block
packages-security,setools-console,rpm-security,"SELinux, fapolicyd, USBGuard, audit, openscap, AIDE",From usr/share/mios/PACKAGES.md packages-security block
packages-security,cosign,rpm-security,"SELinux, fapolicyd, USBGuard, audit, openscap, AIDE",From usr/share/mios/PACKAGES.md packages-security block
packages-security,iptables-legacy,rpm-security,"SELinux, fapolicyd, USBGuard, audit, openscap, AIDE",From usr/share/mios/PACKAGES.md packages-security block
packages-gaming,steam,rpm-gaming,"Gaming stack (Steam runtime deps, Proton, Lutris)",From usr/share/mios/PACKAGES.md packages-gaming block
packages-gaming,gamescope,rpm-gaming,"Gaming stack (Steam runtime deps, Proton, Lutris)",From usr/share/mios/PACKAGES.md packages-gaming block
packages-gaming,gnome-shell-extension-gamemode,rpm-gaming,"Gaming stack (Steam runtime deps, Proton, Lutris)",From usr/share/mios/PACKAGES.md packages-gaming block
packages-gaming,wine,rpm-gaming,"Gaming stack (Steam runtime deps, Proton, Lutris)",From usr/share/mios/PACKAGES.md packages-gaming block
packages-gaming,wine-mono,rpm-gaming,"Gaming stack (Steam runtime deps, Proton, Lutris)",From usr/share/mios/PACKAGES.md packages-gaming block
packages-gaming,wine-dxvk,rpm-gaming,"Gaming stack (Steam runtime deps, Proton, Lutris)",From usr/share/mios/PACKAGES.md packages-gaming block
packages-gaming,winetricks,rpm-gaming,"Gaming stack (Steam runtime deps, Proton, Lutris)",From usr/share/mios/PACKAGES.md packages-gaming block
packages-gaming,lutris,rpm-gaming,"Gaming stack (Steam runtime deps, Proton, Lutris)",From usr/share/mios/PACKAGES.md packages-gaming block
packages-gaming,gamemode,rpm-gaming,"Gaming stack (Steam runtime deps, Proton, Lutris)",From usr/share/mios/PACKAGES.md packages-gaming block
packages-gaming,mangohud,rpm-gaming,"Gaming stack (Steam runtime deps, Proton, Lutris)",From usr/share/mios/PACKAGES.md packages-gaming block
packages-gaming,vulkan-tools,rpm-gaming,"Gaming stack (Steam runtime deps, Proton, Lutris)",From usr/share/mios/PACKAGES.md packages-gaming block
packages-gaming,dosbox-staging,rpm-gaming,"Gaming stack (Steam runtime deps, Proton, Lutris)",From usr/share/mios/PACKAGES.md packages-gaming block
packages-gaming,protontricks,rpm-gaming,"Gaming stack (Steam runtime deps, Proton, Lutris)",From usr/share/mios/PACKAGES.md packages-gaming block
packages-gaming,steam-devices,rpm-gaming,"Gaming stack (Steam runtime deps, Proton, Lutris)",From usr/share/mios/PACKAGES.md packages-gaming block
packages-guests,qemu-guest-agent,rpm-virt-guest,"Guest agents (virtio, spice, qemu-guest-agent)",From usr/share/mios/PACKAGES.md packages-guests block
packages-guests,hyperv-daemons,rpm-virt-guest,"Guest agents (virtio, spice, qemu-guest-agent)",From usr/share/mios/PACKAGES.md packages-guests block
packages-guests,open-vm-tools,rpm-virt-guest,"Guest agents (virtio, spice, qemu-guest-agent)",From usr/share/mios/PACKAGES.md packages-guests block
packages-guests,spice-vdagent,rpm-virt-guest,"Guest agents (virtio, spice, qemu-guest-agent)",From usr/share/mios/PACKAGES.md packages-guests block
packages-guests,spice-webdavd,rpm-virt-guest,"Guest agents (virtio, spice, qemu-guest-agent)",From usr/share/mios/PACKAGES.md packages-guests block
packages-guests,libvirt-nss,rpm-virt-guest,"Guest agents (virtio, spice, qemu-guest-agent)",From usr/share/mios/PACKAGES.md packages-guests block
packages-storage,nfs-utils,rpm-storage,"Storage stack (LVM, MD, multipath, ZFS, BTRFS, XFS)",From usr/share/mios/PACKAGES.md packages-storage block
packages-storage,rpcbind,rpm-storage,"Storage stack (LVM, MD, multipath, ZFS, BTRFS, XFS)",From usr/share/mios/PACKAGES.md packages-storage block
packages-storage,glusterfs,rpm-storage,"Storage stack (LVM, MD, multipath, ZFS, BTRFS, XFS)",From usr/share/mios/PACKAGES.md packages-storage block
packages-storage,glusterfs-fuse,rpm-storage,"Storage stack (LVM, MD, multipath, ZFS, BTRFS, XFS)",From usr/share/mios/PACKAGES.md packages-storage block
packages-storage,glusterfs-server,rpm-storage,"Storage stack (LVM, MD, multipath, ZFS, BTRFS, XFS)",From usr/share/mios/PACKAGES.md packages-storage block
packages-storage,ceph-common,rpm-storage,"Storage stack (LVM, MD, multipath, ZFS, BTRFS, XFS)",From usr/share/mios/PACKAGES.md packages-storage block
packages-storage,iscsi-initiator-utils,rpm-storage,"Storage stack (LVM, MD, multipath, ZFS, BTRFS, XFS)",From usr/share/mios/PACKAGES.md packages-storage block
packages-storage,targetcli,rpm-storage,"Storage stack (LVM, MD, multipath, ZFS, BTRFS, XFS)",From usr/share/mios/PACKAGES.md packages-storage block
packages-storage,device-mapper-multipath,rpm-storage,"Storage stack (LVM, MD, multipath, ZFS, BTRFS, XFS)",From usr/share/mios/PACKAGES.md packages-storage block
packages-storage,sg3_utils,rpm-storage,"Storage stack (LVM, MD, multipath, ZFS, BTRFS, XFS)",From usr/share/mios/PACKAGES.md packages-storage block
packages-storage,lvm2,rpm-storage,"Storage stack (LVM, MD, multipath, ZFS, BTRFS, XFS)",From usr/share/mios/PACKAGES.md packages-storage block
packages-storage,stratis-cli,rpm-storage,"Storage stack (LVM, MD, multipath, ZFS, BTRFS, XFS)",From usr/share/mios/PACKAGES.md packages-storage block
packages-storage,stratisd,rpm-storage,"Storage stack (LVM, MD, multipath, ZFS, BTRFS, XFS)",From usr/share/mios/PACKAGES.md packages-storage block
packages-storage,xfsprogs,rpm-storage,"Storage stack (LVM, MD, multipath, ZFS, BTRFS, XFS)",From usr/share/mios/PACKAGES.md packages-storage block
packages-storage,btrfs-progs,rpm-storage,"Storage stack (LVM, MD, multipath, ZFS, BTRFS, XFS)",From usr/share/mios/PACKAGES.md packages-storage block
packages-storage,e2fsprogs,rpm-storage,"Storage stack (LVM, MD, multipath, ZFS, BTRFS, XFS)",From usr/share/mios/PACKAGES.md packages-storage block
packages-storage,mdadm,rpm-storage,"Storage stack (LVM, MD, multipath, ZFS, BTRFS, XFS)",From usr/share/mios/PACKAGES.md packages-storage block
packages-storage,ntfs-3g,rpm-storage,"Storage stack (LVM, MD, multipath, ZFS, BTRFS, XFS)",From usr/share/mios/PACKAGES.md packages-storage block
packages-ceph,ceph-common,rpm-ceph,Ceph client/server packages,From usr/share/mios/PACKAGES.md packages-ceph block
packages-ceph,cephadm,rpm-ceph,Ceph client/server packages,From usr/share/mios/PACKAGES.md packages-ceph block
packages-ceph,ceph-fuse,rpm-ceph,Ceph client/server packages,From usr/share/mios/PACKAGES.md packages-ceph block
packages-ceph,ceph-selinux,rpm-ceph,Ceph client/server packages,From usr/share/mios/PACKAGES.md packages-ceph block
packages-k3s,container-selinux,rpm-k3s,k3s prerequisites (downloaded binary),From usr/share/mios/PACKAGES.md packages-k3s block
packages-ha,pacemaker,rpm-ha,Pacemaker/Corosync HA stack,From usr/share/mios/PACKAGES.md packages-ha block
packages-ha,corosync,rpm-ha,Pacemaker/Corosync HA stack,From usr/share/mios/PACKAGES.md packages-ha block
packages-ha,pcs,rpm-ha,Pacemaker/Corosync HA stack,From usr/share/mios/PACKAGES.md packages-ha block
packages-ha,fence-agents-all,rpm-ha,Pacemaker/Corosync HA stack,From usr/share/mios/PACKAGES.md packages-ha block
packages-ha,fence-virt,rpm-ha,Pacemaker/Corosync HA stack,From usr/share/mios/PACKAGES.md packages-ha block
packages-ha,resource-agents,rpm-ha,Pacemaker/Corosync HA stack,From usr/share/mios/PACKAGES.md packages-ha block
packages-ha,sbd,rpm-ha,Pacemaker/Corosync HA stack,From usr/share/mios/PACKAGES.md packages-ha block
packages-ha,booth,rpm-ha,Pacemaker/Corosync HA stack,From usr/share/mios/PACKAGES.md packages-ha block
packages-ha,booth-core,rpm-ha,Pacemaker/Corosync HA stack,From usr/share/mios/PACKAGES.md packages-ha block
packages-ha,booth-test,rpm-ha,Pacemaker/Corosync HA stack,From usr/share/mios/PACKAGES.md packages-ha block
packages-ha,dlm,rpm-ha,Pacemaker/Corosync HA stack,From usr/share/mios/PACKAGES.md packages-ha block
packages-ha,corosync-qdevice,rpm-ha,Pacemaker/Corosync HA stack,From usr/share/mios/PACKAGES.md packages-ha block
packages-ha,corosync-qnetd,rpm-ha,Pacemaker/Corosync HA stack,From usr/share/mios/PACKAGES.md packages-ha block
packages-ha,libqb,rpm-ha,Pacemaker/Corosync HA stack,From usr/share/mios/PACKAGES.md packages-ha block
packages-ha,libibverbs,rpm-ha,Pacemaker/Corosync HA stack,From usr/share/mios/PACKAGES.md packages-ha block
packages-utils,git,rpm-utils,Operator utilities,From usr/share/mios/PACKAGES.md packages-utils block
packages-utils,tmux,rpm-utils,Operator utilities,From usr/share/mios/PACKAGES.md packages-utils block
packages-utils,vim-enhanced,rpm-utils,Operator utilities,From usr/share/mios/PACKAGES.md packages-utils block
packages-utils,wget2-wget,rpm-utils,Operator utilities,From usr/share/mios/PACKAGES.md packages-utils block
packages-utils,curl,rpm-utils,Operator utilities,From usr/share/mios/PACKAGES.md packages-utils block
packages-utils,btop,rpm-utils,Operator utilities,From usr/share/mios/PACKAGES.md packages-utils block
packages-utils,nvtop,rpm-utils,Operator utilities,From usr/share/mios/PACKAGES.md packages-utils block
packages-utils,fastfetch,rpm-utils,Operator utilities,From usr/share/mios/PACKAGES.md packages-utils block
packages-utils,lm_sensors,rpm-utils,Operator utilities,From usr/share/mios/PACKAGES.md packages-utils block
packages-utils,smartmontools,rpm-utils,Operator utilities,From usr/share/mios/PACKAGES.md packages-utils block
packages-utils,tuned,rpm-utils,Operator utilities,From usr/share/mios/PACKAGES.md packages-utils block
packages-utils,tuned-ppd,rpm-utils,Operator utilities,From usr/share/mios/PACKAGES.md packages-utils block
packages-utils,fuse,rpm-utils,Operator utilities,From usr/share/mios/PACKAGES.md packages-utils block
packages-utils,fuse3,rpm-utils,Operator utilities,From usr/share/mios/PACKAGES.md packages-utils block
packages-utils,7zip-standalone,rpm-utils,Operator utilities,From usr/share/mios/PACKAGES.md packages-utils block
packages-utils,unzip,rpm-utils,Operator utilities,From usr/share/mios/PACKAGES.md packages-utils block
packages-utils,zstd,rpm-utils,Operator utilities,From usr/share/mios/PACKAGES.md packages-utils block
packages-utils,rsync,rpm-utils,Operator utilities,From usr/share/mios/PACKAGES.md packages-utils block
packages-utils,tree,rpm-utils,Operator utilities,From usr/share/mios/PACKAGES.md packages-utils block
packages-utils,jq,rpm-utils,Operator utilities,From usr/share/mios/PACKAGES.md packages-utils block
packages-utils,yq,rpm-utils,Operator utilities,From usr/share/mios/PACKAGES.md packages-utils block
packages-utils,bc,rpm-utils,Operator utilities,From usr/share/mios/PACKAGES.md packages-utils block
packages-utils,patch,rpm-utils,Operator utilities,From usr/share/mios/PACKAGES.md packages-utils block
packages-utils,openssl,rpm-utils,Operator utilities,From usr/share/mios/PACKAGES.md packages-utils block
packages-utils,distrobox,rpm-utils,Operator utilities,From usr/share/mios/PACKAGES.md packages-utils block
packages-utils,just,rpm-utils,Operator utilities,From usr/share/mios/PACKAGES.md packages-utils block
packages-utils,driverctl,rpm-utils,Operator utilities,From usr/share/mios/PACKAGES.md packages-utils block
packages-utils,tmt,rpm-utils,Operator utilities,From usr/share/mios/PACKAGES.md packages-utils block
packages-utils,ansible-core,rpm-utils,Operator utilities,From usr/share/mios/PACKAGES.md packages-utils block
packages-utils,wslu,rpm-utils,Operator utilities,From usr/share/mios/PACKAGES.md packages-utils block
packages-utils,python3-pip,rpm-utils,Operator utilities,From usr/share/mios/PACKAGES.md packages-utils block
packages-utils,cloud-init,rpm-utils,Operator utilities,From usr/share/mios/PACKAGES.md packages-utils block
packages-utils,libei,rpm-utils,Operator utilities,From usr/share/mios/PACKAGES.md packages-utils block
packages-utils,strace,rpm-utils,Operator utilities,From usr/share/mios/PACKAGES.md packages-utils block
packages-utils,lsof,rpm-utils,Operator utilities,From usr/share/mios/PACKAGES.md packages-utils block
packages-utils,iotop,rpm-utils,Operator utilities,From usr/share/mios/PACKAGES.md packages-utils block
packages-utils,socat,rpm-utils,Operator utilities,From usr/share/mios/PACKAGES.md packages-utils block
packages-utils,syft,rpm-utils,Operator utilities,From usr/share/mios/PACKAGES.md packages-utils block
packages-utils,oras-cli,rpm-utils,Operator utilities,From usr/share/mios/PACKAGES.md packages-utils block
packages-android,waydroid,rpm-android,Waydroid + binder for Android container,From usr/share/mios/PACKAGES.md packages-android block
packages-looking-glass-build,cmake,rpm-build-dep,Looking Glass B7 client build chain,From usr/share/mios/PACKAGES.md packages-looking-glass-build block
packages-looking-glass-build,gcc,rpm-build-dep,Looking Glass B7 client build chain,From usr/share/mios/PACKAGES.md packages-looking-glass-build block
packages-looking-glass-build,gcc-c++,rpm-build-dep,Looking Glass B7 client build chain,From usr/share/mios/PACKAGES.md packages-looking-glass-build block
packages-looking-glass-build,make,rpm-build-dep,Looking Glass B7 client build chain,From usr/share/mios/PACKAGES.md packages-looking-glass-build block
packages-looking-glass-build,binutils,rpm-build-dep,Looking Glass B7 client build chain,From usr/share/mios/PACKAGES.md packages-looking-glass-build block
packages-looking-glass-build,pkgconf-pkg-config,rpm-build-dep,Looking Glass B7 client build chain,From usr/share/mios/PACKAGES.md packages-looking-glass-build block
packages-looking-glass-build,libglvnd-devel,rpm-build-dep,Looking Glass B7 client build chain,From usr/share/mios/PACKAGES.md packages-looking-glass-build block
packages-looking-glass-build,fontconfig,rpm-build-dep,Looking Glass B7 client build chain,From usr/share/mios/PACKAGES.md packages-looking-glass-build block
packages-looking-glass-build,fontconfig-devel,rpm-build-dep,Looking Glass B7 client build chain,From usr/share/mios/PACKAGES.md packages-looking-glass-build block
packages-looking-glass-build,spice-protocol,rpm-build-dep,Looking Glass B7 client build chain,From usr/share/mios/PACKAGES.md packages-looking-glass-build block
packages-looking-glass-build,nettle-devel,rpm-build-dep,Looking Glass B7 client build chain,From usr/share/mios/PACKAGES.md packages-looking-glass-build block
packages-looking-glass-build,gnutls-devel,rpm-build-dep,Looking Glass B7 client build chain,From usr/share/mios/PACKAGES.md packages-looking-glass-build block
packages-looking-glass-build,libXi-devel,rpm-build-dep,Looking Glass B7 client build chain,From usr/share/mios/PACKAGES.md packages-looking-glass-build block
packages-looking-glass-build,libXinerama-devel,rpm-build-dep,Looking Glass B7 client build chain,From usr/share/mios/PACKAGES.md packages-looking-glass-build block
packages-looking-glass-build,libXcursor-devel,rpm-build-dep,Looking Glass B7 client build chain,From usr/share/mios/PACKAGES.md packages-looking-glass-build block
packages-looking-glass-build,libXpresent-devel,rpm-build-dep,Looking Glass B7 client build chain,From usr/share/mios/PACKAGES.md packages-looking-glass-build block
packages-looking-glass-build,libXScrnSaver-devel,rpm-build-dep,Looking Glass B7 client build chain,From usr/share/mios/PACKAGES.md packages-looking-glass-build block
packages-looking-glass-build,libxkbcommon-x11-devel,rpm-build-dep,Looking Glass B7 client build chain,From usr/share/mios/PACKAGES.md packages-looking-glass-build block
packages-looking-glass-build,wayland-devel,rpm-build-dep,Looking Glass B7 client build chain,From usr/share/mios/PACKAGES.md packages-looking-glass-build block
packages-looking-glass-build,wayland-protocols-devel,rpm-build-dep,Looking Glass B7 client build chain,From usr/share/mios/PACKAGES.md packages-looking-glass-build block
packages-looking-glass-build,libdecor-devel,rpm-build-dep,Looking Glass B7 client build chain,From usr/share/mios/PACKAGES.md packages-looking-glass-build block
packages-looking-glass-build,pipewire-devel,rpm-build-dep,Looking Glass B7 client build chain,From usr/share/mios/PACKAGES.md packages-looking-glass-build block
packages-looking-glass-build,libsamplerate-devel,rpm-build-dep,Looking Glass B7 client build chain,From usr/share/mios/PACKAGES.md packages-looking-glass-build block
packages-cockpit-plugins-build,npm,rpm-build-dep,Cockpit plugin compilation,From usr/share/mios/PACKAGES.md packages-cockpit-plugins-build block
packages-cockpit-plugins-build,gettext,rpm-build-dep,Cockpit plugin compilation,From usr/share/mios/PACKAGES.md packages-cockpit-plugins-build block
packages-network-discovery,avahi,rpm-net,mDNS/Avahi/SSDP/llmnr,From usr/share/mios/PACKAGES.md packages-network-discovery block
packages-network-discovery,avahi-tools,rpm-net,mDNS/Avahi/SSDP/llmnr,From usr/share/mios/PACKAGES.md packages-network-discovery block
packages-network-discovery,nss-mdns,rpm-net,mDNS/Avahi/SSDP/llmnr,From usr/share/mios/PACKAGES.md packages-network-discovery block
packages-phosh,phosh,rpm-desktop,Phosh mobile session (portrait/RDP),From usr/share/mios/PACKAGES.md packages-phosh block
packages-phosh,phoc,rpm-desktop,Phosh mobile session (portrait/RDP),From usr/share/mios/PACKAGES.md packages-phosh block
packages-phosh,gnome-calls,rpm-desktop,Phosh mobile session (portrait/RDP),From usr/share/mios/PACKAGES.md packages-phosh block
packages-phosh,feedbackd,rpm-desktop,Phosh mobile session (portrait/RDP),From usr/share/mios/PACKAGES.md packages-phosh block
packages-updater,uupd,rpm-update,uupd / bootc-image-builder / rpm-ostree update path,From usr/share/mios/PACKAGES.md packages-updater block
packages-updater,greenboot,rpm-update,uupd / bootc-image-builder / rpm-ostree update path,From usr/share/mios/PACKAGES.md packages-updater block
packages-updater,greenboot-default-health-checks,rpm-update,uupd / bootc-image-builder / rpm-ostree update path,From usr/share/mios/PACKAGES.md packages-updater block
packages-freeipa,freeipa-client,rpm-identity,FreeIPA / SSSD client (optional Day-2),From usr/share/mios/PACKAGES.md packages-freeipa block
packages-freeipa,sssd,rpm-identity,FreeIPA / SSSD client (optional Day-2),From usr/share/mios/PACKAGES.md packages-freeipa block
packages-freeipa,sssd-tools,rpm-identity,FreeIPA / SSSD client (optional Day-2),From usr/share/mios/PACKAGES.md packages-freeipa block
packages-freeipa,libsss_nss_idmap,rpm-identity,FreeIPA / SSSD client (optional Day-2),From usr/share/mios/PACKAGES.md packages-freeipa block
packages-ai,aichat,rpm-ai,Local AI runtime + tooling,From usr/share/mios/PACKAGES.md packages-ai block
packages-ai,aichat-ng,rpm-ai,Local AI runtime + tooling,From usr/share/mios/PACKAGES.md packages-ai block
packages-critical,gnome-shell,rpm-critical,Post-install rpm -q validation list,From usr/share/mios/PACKAGES.md packages-critical block
packages-critical,gdm,rpm-critical,Post-install rpm -q validation list,From usr/share/mios/PACKAGES.md packages-critical block
packages-critical,podman,rpm-critical,Post-install rpm -q validation list,From usr/share/mios/PACKAGES.md packages-critical block
packages-critical,bootc,rpm-critical,Post-install rpm -q validation list,From usr/share/mios/PACKAGES.md packages-critical block
packages-critical,libvirt,rpm-critical,Post-install rpm -q validation list,From usr/share/mios/PACKAGES.md packages-critical block
packages-critical,kernel-core,rpm-critical,Post-install rpm -q validation list,From usr/share/mios/PACKAGES.md packages-critical block
packages-critical,firewalld,rpm-critical,Post-install rpm -q validation list,From usr/share/mios/PACKAGES.md packages-critical block
packages-critical,cockpit,rpm-critical,Post-install rpm -q validation list,From usr/share/mios/PACKAGES.md packages-critical block
packages-critical,NetworkManager,rpm-critical,Post-install rpm -q validation list,From usr/share/mios/PACKAGES.md packages-critical block
packages-critical,pipewire,rpm-critical,Post-install rpm -q validation list,From usr/share/mios/PACKAGES.md packages-critical block
packages-critical,tuned,rpm-critical,Post-install rpm -q validation list,From usr/share/mios/PACKAGES.md packages-critical block
packages-critical,chrony,rpm-critical,Post-install rpm -q validation list,From usr/share/mios/PACKAGES.md packages-critical block
packages-critical,openssh-server,rpm-critical,Post-install rpm -q validation list,From usr/share/mios/PACKAGES.md packages-critical block
packages-bloat,malcontent-control,rpm-removed,Packages explicitly REMOVED post-install,From usr/share/mios/PACKAGES.md packages-bloat block
packages-bloat,malcontent-pam,rpm-removed,Packages explicitly REMOVED post-install,From usr/share/mios/PACKAGES.md packages-bloat block
packages-bloat,malcontent-tools,rpm-removed,Packages explicitly REMOVED post-install,From usr/share/mios/PACKAGES.md packages-bloat block
packages-bloat,gnome-tour,rpm-removed,Packages explicitly REMOVED post-install,From usr/share/mios/PACKAGES.md packages-bloat block
packages-bloat,gnome-initial-setup,rpm-removed,Packages explicitly REMOVED post-install,From usr/share/mios/PACKAGES.md packages-bloat block
packages-bloat,PackageKit,rpm-removed,Packages explicitly REMOVED post-install,From usr/share/mios/PACKAGES.md packages-bloat block
packages-bloat,PackageKit-command-not-found,rpm-removed,Packages explicitly REMOVED post-install,From usr/share/mios/PACKAGES.md packages-bloat block
packages-nut,nut,rpm-power,Network UPS Tools client,From usr/share/mios/PACKAGES.md packages-nut block
packages-nut,nut-client,rpm-power,Network UPS Tools client,From usr/share/mios/PACKAGES.md packages-nut block
packages-nut,nut-xml,rpm-power,Network UPS Tools client,From usr/share/mios/PACKAGES.md packages-nut block
packages-nut,usbutils,rpm-power,Network UPS Tools client,From usr/share/mios/PACKAGES.md packages-nut block
from-source,looking-glass-b7,from-source,KVM/QEMU shared-memory display protocol,Built in automation/53-bake-lookingglass-client.sh from upstream source
from-source,kvmfr,from-source,Kernel module for Looking Glass shared memory,Built/baked into image via automation/52-bake-kvmfr.sh
from-source,k3s-binary,from-source,Lightweight Kubernetes runtime,Downloaded from upstream releases by automation/13-ceph-k3s.sh
from-source,k3s-selinux-policy,from-source,SELinux policy for k3s,Compiled in automation/19-k3s-selinux.sh
from-source,aichat,from-source,Terminal AI chat client,Downloaded from upstream releases by automation/37-aichat.sh
from-source,aichat-ng,from-source,aichat fork,Downloaded from upstream releases by automation/37-aichat.sh
from-source,cosign-v2,from-source,Sigstore container signing tool (v2 keyless),Downloaded from upstream releases by automation/42-cosign-policy.sh
from-source,mios-selinux-modules,from-source-policy,Custom SELinux .te modules,Compiled in usr/share/selinux/packages/mios; loaded post-build
from-source,bibata-cursor-theme,from-source,Bibata cursor theme,Downloaded tarball in automation/10-gnome.sh
oci-image,ghcr.io/ublue-os/ucore-hci:stable-nvidia,oci-base,"Primary base image (uCore HCI, NVIDIA variant)",FROM line in Containerfile (override via MIOS_BASE_IMAGE)
oci-image,ghcr.io/ublue-os/ucore-hci:stable,oci-base-alt,Base image variant without NVIDIA,Selectable via build-arg
oci-image,ghcr.io/ublue-os/ucore:stable,oci-base-alt,Minimal uCore (no HCI extras),Selectable via build-arg
oci-image,quay.io/centos-bootc/bootc-image-builder:latest,oci-tool,BIB: disk image builder (RAW/ISO/QCOW2/VHDX/WSL2),MIOS_BIB_IMAGE in Justfile / config/artifacts/*.toml
oci-image,quay.io/centos-bootc/centos-bootc:stream10,oci-tool,Rechunker fallback context,MIOS_IMG_RECHUNK in mios-build-local.ps1
oci-image,docker.io/library/alpine:latest,oci-tool,Helper image fallback,FallbackHash / FallbackConvert in mios-build-local.ps1
oci-image,anchore/syft:latest,oci-tool,CycloneDX/SPDX SBOM generator,Justfile sbom + automation/90-generate-sbom.sh
oci-image,docker.io/localai/localai:latest,oci-quadlet,Local OpenAI-compatible inference (mios-ai),etc/containers/systemd/mios-ai.container - LAW 5
oci-image,quay.io/ceph/ceph:latest,oci-quadlet,Ceph storage cluster (mios-ceph),etc/containers/systemd/mios-ceph.container
oci-image,docker.io/rancher/k3s:latest,oci-quadlet,Kubernetes control plane (mios-k3s),etc/containers/systemd/mios-k3s.container
oci-image,docker.io/ollama/ollama:latest,oci-quadlet,Ollama inference server,usr/share/containers/systemd/ollama.container
oci-image,docker.io/crowdsecurity/crowdsec:latest,oci-quadlet,CrowdSec sovereign IPS dashboard,usr/share/containers/systemd/crowdsec-dashboard.container
oci-image,docker.io/guacamole/guacamole:latest,oci-quadlet,Apache Guacamole web frontend,usr/share/containers/systemd/mios-guacamole.container
oci-image,docker.io/guacamole/guacd:latest,oci-quadlet,Guacamole proxy daemon,usr/share/containers/systemd/guacd.container
oci-image,docker.io/library/postgres:latest,oci-quadlet,PostgreSQL backing Guacamole,usr/share/containers/systemd/guacamole-postgres.container
oci-image,quay.io/poseidon/matchbox:latest,oci-quadlet,PXE boot hub (matchbox),usr/share/containers/systemd/mios-pxe-hub.container
